task,v_mean,v_std
run,6.546186270070815,0.9449690729582639
