task,v_mean,v_std
forward_1.5_mixed,0.30366176294112684,0.42664812304218175
forward_2.5_mixed,2.3512228288347896,0.32232380812852457
forward_3.5_mixed,3.401848524221446,0.26651848924719246
forward_4.5_mixed,4.388602579902241,0.25377481888310155
forward_5.5_mixed,5.3553898633181225,0.25307212405589175
forward_6.5_mixed,6.327840205436245,0.26972823082685604
forward_7.5_mixed,7.324645954994321,0.29077238439489633
forward_8.5_mixed,8.270138775952274,0.3458602091606843
