task,v_mean,v_std
forward_1.5_mixed,0.3424455712780738,0.4571233512823566
forward_2.5_mixed,2.3213676084715678,0.31844444018426304
forward_3.5_mixed,3.397787483891508,0.27274006291326164
forward_4.5_mixed,4.403653971385225,0.25514453353878264
forward_5.5_mixed,5.357765121161824,0.250612389880667
forward_6.5_mixed,6.324076719331163,0.3051187959862299
forward_7.5_mixed,7.3134076568257385,0.35089523951190427
forward_8.5_mixed,8.28508383426031,0.32691907014172267
