task,v_mean,v_std
forward_5.5_mixed,5.353088343233448,0.25481724751498347
task,v_mean,v_std
forward_5.5_mixed,5.499110188006599,0.22068667253206162
task,v_mean,v_std
forward_5.5_mixed,5.499110188006599,0.22068667253206162
