task,v_mean,v_std
forward_5.5_mixed_v2,5.281119214324605,0.34733908832824995
