task,v_mean,v_std
forward_1,0.9527399219239394,0.23316928477534382
forward_2,2.0166583456553835,0.24631427848435197
forward_3,2.9335591457949897,0.28402270924867584
forward_4,3.8764867163600796,0.274028353774446
forward_5,4.885428189356028,0.26315444214212746
forward_6,5.85290545714914,0.2634411441713495
forward_7,6.88632595073015,0.284233065771861
forward_8,7.804138780517854,0.3115683075698044
forward_9,8.444081150051684,1.0027914852033109
jump,0.2896729367401036,0.5193597143949629
