task,v_mean,v_std
forward_5.5_mixed_v2,1.1387516684638024e-06,0.0006490351423272345
