task,v_mean,v_std
forward_1.5_mixed,0.26183782836602343,0.4760924835504029
forward_2.5_mixed,2.4221268718965683,0.08768209638450779
forward_3.5_mixed,3.5385148465134386,0.13310538184586518
forward_4.5_mixed,4.44656867698996,0.061290713149809606
forward_5.5_mixed,5.272153937858738,0.06733611043120119
forward_6.5_mixed,6.454059233341747,0.07002363314005301
forward_7.5_mixed,7.405263379299938,0.0730703273111161
forward_8.5_mixed,8.417054646514366,0.10276885041449194
forward_9.5_mixed,9.40945609819231,0.07701629014069138
