task,v_mean,v_std
forward_3.5_embed,3.503076342873542,0.06743443103938519
